iteration,elapsed_time,avg_distance,min_distance,max_distance,avg_movement,total_movement,vertices_too_close,vertices_too_far
0,30.987895727157593,18.75865478636317,0.9964609562036113,52.862726576639524,0.025319472999668323,402.7062180597247,146,14981
1,61.91944432258606,18.735864414722695,0.9859373501609995,52.92334006471737,0.046807613547397396,744.4750934713555,146,14975
2,94.34225177764893,18.704902979069228,0.9736483265442555,53.00763206084839,0.06501098755883523,1033.9997571232743,146,14971
3,125.92675685882568,18.66687726593134,0.9623086492277886,53.112025143788586,0.08039831646948768,1278.7352234472016,145,14965
4,158.02663135528564,18.622683722218806,0.9546925666675076,53.23347084238732,0.09337231518636521,1485.0866730391388,146,14965
5,189.27763271331787,18.5732540933624,0.9510417305039917,53.36935566668274,0.1042774881161169,1658.5334484868392,149,14953
6,220.7783465385437,18.52053430565438,0.9472792655877852,53.517438207646,0.11341020172760616,1803.789258477576,151,14944
7,252.12380504608154,18.46272019717815,0.9432607266488999,53.67579608172428,0.12102403884154889,1924.887337774835,150,14934
8,283.4082987308502,18.402765781230684,0.9390431911770898,53.8427618550376,0.12733668082607327,2025.2899085386953,155,14916
9,314.51087164878845,18.341316138414758,0.934662988385993,54.01692275677597,0.13253461572903075,2107.963063170234,158,14894
10,346.5653941631317,18.277690546876435,0.930135496188464,54.19704064178802,0.13677872816450837,2175.465671456506,165,14883
11,378.59714365005493,18.212277325878794,0.9260747254959508,54.382058020390424,0.1402067360449122,2229.9881367943285,175,14869
12,410.0817484855652,18.146386949261945,0.981304829979068,54.571061555549626,0.14293679264539222,2273.409687024963,181,14845
13,441.4540514945984,18.07820135617162,0.9949103167147918,54.75697440348968,0.14506981811845268,2307.33545717399,183,14832
14,472.77506470680237,18.010465165579394,0.982646209154185,54.94382147730675,0.14669306106786772,2333.153136284436,192,14813
15,504.6693387031555,17.943634487638718,1.026438671034192,55.131920342265495,0.14788048264914103,2352.039076534588,195,14803
16,536.6911451816559,17.875018952840765,1.1130358600389811,55.320782985436395,0.14869600602747376,2365.0099758669703,200,14784
17,567.9579031467438,17.805403311719676,1.1081464219763066,55.50999140178881,0.1491929805603886,2372.914355812981,205,14764
18,599.454038143158,17.73464545631154,1.1032569338067117,55.699197725179715,0.14942105475415007,2376.541875864757,211,14745
19,632.1297068595886,17.667286213625307,1.0983762379175477,55.88808541503768,0.14941777150987814,2376.489655864612,220,14727
20,663.4739310741425,17.59818351952062,1.0935105697538878,56.07641362244615,0.14921539506836642,2373.270858562368,223,14718
21,695.1141541004181,17.5300023603044,1.0886600130994222,56.26396064993876,0.14885272137113423,2367.50253340789,223,14692
22,726.5213522911072,17.462996879308236,1.0838442716608445,56.45054057477621,0.1483518969407428,2359.536920842514,226,14670
23,758.1040577888489,17.394895117653846,1.1051877112875983,56.63600641943522,0.14773153258207145,2349.6700257178463,230,14653
24,789.5326015949249,17.329339218717102,1.079601375803438,56.82022529254706,0.14701177970800097,2338.2223562557556,237,14632
25,821.0096735954285,17.26254242616349,0.9158736482419481,57.003084017778846,0.14620946805938356,2325.4615894844956,238,14606
26,852.3825345039368,17.196550453166616,0.8396886324555587,57.184505111891525,0.14533672690539762,2311.5806414303493,248,14580
27,883.8392715454102,17.133315748370062,0.8425751145607101,57.36440146810681,0.1444068701222383,2296.7912692942,256,14559
28,915.7067575454712,17.069684130186843,0.854051024427261,57.54272527957238,0.1434286943085526,2281.233382977529,266,14534
29,947.1075611114502,17.005540187491526,0.8716127465112364,57.719424728412264,0.14241081755763138,2265.044053254127,271,14517
30,978.1577498912811,16.94288157522062,0.8947348636790404,57.89445892434403,0.1413612737684306,2248.351059286889,275,14497
31,1009.2192893028259,16.88157855082283,0.922823773492137,58.06779300881304,0.1402849440144668,2231.232034550095,283,14488
32,1040.1841320991516,16.818704104590058,0.9552760063347879,58.23941399493319,0.13919065012559995,2213.827290247667,289,14472
33,1071.1153264045715,16.756966481938683,0.9915078833684089,58.409297628154405,0.1380797839738205,2196.1589641036153,299,14459
34,1102.1357505321503,16.695397336248696,0.8456140868021721,58.57743963613083,0.1369560053677953,2178.2852653747846,311,14434
35,1133.192298412323,16.63531709592337,0.7285380803692342,58.74382423820764,0.13582492209131025,2160.2953858622895,323,14405
36,1164.2998442649841,16.575416734810478,0.6670527676689427,58.908452637394326,0.13468819202900215,2142.215694221279,330,14398
37,1195.3414442539215,16.516285126844405,0.6927503574761894,59.07132480007827,0.1335434166290842,2124.0080414855843,337,14380
38,1226.3860070705414,16.457455693062943,0.7289028301975875,59.23244503715139,0.1324052688199695,2105.905800581615,341,14366
39,1257.3756449222565,16.399806789631473,0.7656887120243946,59.39181471057283,0.13126945504629578,2087.8406825113343,348,14351
40,1288.4922089576721,16.34149392352478,0.7945694458245545,59.549448168334955,0.13013497621841336,2069.7967967538643,354,14325
41,1319.5878257751465,16.28508429251764,0.6265024543731315,59.70534159939957,0.12900509211765943,2051.825990131373,364,14305
42,1350.709515094757,16.228771843441855,0.4407083030266111,59.8595227663483,0.12788079569269578,2033.9440554923265,376,14290
43,1381.6151885986328,16.17392862155762,0.2569475384899781,60.01198903216385,0.12676294595373638,2016.1646553941773,389,14273
44,1412.6371376514435,16.11869557236049,0.07520704611254965,60.16276171236227,0.1256496142630449,1998.4571148537295,404,14262
45,1443.5606260299683,16.064236208409216,0.04066323219149029,60.311845715963024,0.12453388137043499,1980.7113831967686,413,14239
46,1474.5790894031525,16.01098355861035,0.05076677088545731,60.459265379649864,0.12343664065226062,1963.2597695742052,413,14219
47,1505.4306182861328,15.956168145427197,0.08481671848573888,60.60502267838764,0.1223466305827738,1945.9231594190173,422,14179
48,1536.3876283168793,15.902772729994522,0.13888440682358877,60.74914560756249,0.1212667906691464,1928.7483055927735,430,14161
49,1567.3359076976776,15.850067622992611,0.19236335579744432,60.89163984606702,0.12019628818674741,1911.7219636102175,431,14139
50,1599.1850817203522,15.796285336082809,0.24523418161096727,61.03253125083207,0.11913478171384467,1894.8387031586994,434,14118
51,1630.1227414608002,15.745042740119583,0.2550139975298921,61.17182767622034,0.11808263781908841,1878.1043545126013,438,14092
52,1661.2535767555237,15.69421686689575,0.2520268921278109,61.30954630224424,0.11704054514793401,1861.5298705778905,449,14085
53,1692.1961319446564,15.64362019473624,0.24907808948649376,61.44570229978351,0.11600770739001455,1845.1025860381815,455,14069
54,1723.1671290397644,15.593333887364048,0.2413777529697703,61.58031808763375,0.11498415022496193,1828.8229093280195,462,14048
55,1754.1847369670868,15.543122967379734,0.2051240440222168,61.713405365279804,0.11396753573050673,1812.6536557937095,465,14036
56,1785.0754420757294,15.492940696683371,0.16927232435524386,61.84497946624087,0.11295835711410139,1796.6026698997825,474,14020
57,1815.8291466236115,15.443722984263337,0.16709104895702379,61.975055375456336,0.11195276829795678,1780.6087797790026,481,13992
58,1846.874713897705,15.39489010294397,0.11852470497040571,62.1036569153673,0.11096236791973242,1764.8564617633442,489,13963
59,1877.7659771442413,15.34727600425876,0.07050179724309132,62.23079558026691,0.10997003742162015,1749.0734451908684,492,13935
60,1908.8037929534912,15.299470495484686,0.044979133712505746,62.35648646030623,0.10899894497379498,1733.628219808209,497,13916
61,1939.7543799877167,15.252799783403438,0.03490853272115317,62.4807442048058,0.10803713401714204,1718.3306165426443,505,13896
62,1970.745126247406,15.205972794648549,0.02496052515087325,62.60358785574605,0.10708472523005785,1703.1825547840701,509,13875
63,2001.6048910617828,15.159864477033514,0.0546545915178693,62.72503171083565,0.10613876920564204,1688.1371242157365,510,13853
64,2032.611170053482,15.113493651220656,0.14819538010246092,62.84509163138462,0.10520215015006995,1673.2401981368625,515,13833
65,2063.4487369060516,15.06796625191482,0.119680730672273,62.96378459840117,0.10427513500490507,1658.496022253015,513,13823
66,2094.2647166252136,15.022938363506569,0.1092249402461594,63.08112633499988,0.10335689204281157,1643.891367940918,516,13804
67,2125.1249129772186,14.979195651826481,0.0988795984517501,63.19712347404143,0.10244925426388178,1629.4553890670397,517,13786
68,2155.861788749695,14.934566449617506,0.08865119341068996,63.31180713419766,0.10154981678954915,1615.1498360377793,524,13760
69,2186.700369119644,14.891356213854786,0.08279338692869816,63.42517950465184,0.10065522989505965,1600.9214314809237,534,13742
70,2217.5337159633636,14.848109008325359,0.21331113061523518,63.53725825020288,0.0997724064779495,1586.8801250317867,535,13725
71,2248.3384630680084,14.806121703637906,0.14011034737536673,63.64111259002566,0.09889895995127683,1572.9879580250579,541,13708
72,2279.1799669265747,14.764329294977847,0.06774313300252559,63.73242971043127,0.09803548815892715,1559.2544391677363,543,13688
73,2310.151320695877,14.721960754695363,0.05914746455669833,63.82286181407984,0.09718252247611416,1545.6880199825957,543,13658
74,2340.9806020259857,14.679728721598087,0.05860458949466499,63.91240494560872,0.09633959934619434,1532.281327601221,540,13634
75,2371.845822572708,14.637336070657303,0.0580586881495564,64.00107301494094,0.09550602397659003,1519.0233113476643,542,13613
76,2402.679396867752,14.596657368778795,0.057523352091065925,64.0888681592959,0.09468044797659413,1505.8925250677296,543,13583
77,2433.4101407527924,14.555711119413242,0.05699412523379208,64.17579789527349,0.09386664553748525,1492.9489972737028,549,13550
78,2464.0975918769836,14.515475465090642,0.056470542550580774,64.26187487219082,0.09306317592260661,1480.1698130490581,550,13528
79,2494.9290676116943,14.475580169658297,0.05595564644567467,64.34709224506528,0.09227016935132,1467.5570435327445,554,13500
80,2525.655294418335,14.435108153922423,0.05544452391956561,64.43146590876565,0.09148634283901212,1455.090282854488,553,13478
81,2556.485868692398,14.39566767347166,0.054936452575450635,64.51500262199457,0.09071005255064037,1442.743385817935,553,13462
82,2587.1942472457886,14.356965120527475,0.05443635322956331,64.59769928568964,0.08994174829511979,1430.5235066338803,558,13443
83,2617.9860734939575,14.318464466623833,0.05394073854245565,64.67957358326747,0.08918173693074119,1418.4355258834387,560,13416
84,2648.664793252945,14.2799936338696,0.05345499738252561,64.76062376922208,0.08842976727295905,1406.4754484764137,570,13392
85,2679.6338770389557,14.242016286742563,0.05296807624969598,64.84085922277978,0.08768536974316361,1394.6358057650173,577,13373
86,2710.258631706238,14.204425685452133,0.05249407542517884,64.92028611723707,0.08694019336524658,1382.7837754742468,578,13346
87,2741.007666826248,14.166906316344036,0.05202383352828558,64.99891212835011,0.08621170121119498,1371.1971077640562,577,13328
88,2771.7302231788635,14.129140493925952,0.051559680876567975,65.0767409283902,0.08549227007052562,1359.75455547171,577,13307
89,2802.467203140259,14.092495913863583,0.051095086231994685,65.15378484617905,0.0847811040447652,1348.4434598319906,576,13292
90,2833.2353053092957,14.056103931071613,0.05064108588826859,65.23004564116812,0.08407580668216848,1337.2257052798896,582,13265
91,2864.1185042858124,14.019716000301253,0.05019245780496001,65.305528050371,0.08337493856801868,1326.0783979243372,590,13253
92,2894.8896305561066,13.98355248574946,0.049746404765374945,65.38023737931172,0.08268094694473227,1315.0404611559668,597,13224
93,2925.713949918747,13.947360070212515,0.04930531704759289,65.45418734168827,0.08198810261348746,1304.020772067518,598,13192
94,2956.5404160022736,13.911369367809074,0.04886869146808657,65.52737955570991,0.0813063241754335,1293.17708601027,604,13167
95,2987.270293235779,13.876205910527183,0.04843628920331839,65.59982112254576,0.08063578353829816,1282.5121371766322,611,13131
96,3018.56627869606,13.841107331359254,0.04800388480594847,65.67151729161654,0.07997242717220676,1271.9614541739486,614,13121
97,3049.4404838085175,13.806762875979764,0.047594967118222385,65.7424734988501,0.07931366220333168,1261.4837973439903,619,13091
98,3080.0989089012146,13.772630796542197,0.04717618163770436,65.81270359543478,0.07865361421768909,1250.985734132345,626,13065
99,3111.7220842838287,13.738800549744331,0.0467687031546802,65.88220590624334,0.07800630478410246,1240.6902775911497,632,13041
100,3143.5879390239716,13.704978998383545,0.046358620732047544,65.95098978049947,0.07736406081201,1230.475387215019,643,13027
101,3174.3266081809998,13.671446808783424,0.04595115579096164,66.01906037038908,0.07672958403446123,1220.3840340681058,652,12997
102,3205.035083293915,13.638247219619553,0.045557731581984125,66.08642533980488,0.07610088759821194,1210.384617249561,659,12964
103,3235.9265060424805,13.604796549703696,0.04516505007579586,66.15308776406097,0.07547916220347631,1200.4960748462906,663,12943
104,3266.671649456024,13.571344915101912,0.044776127847528414,66.21905908174669,0.07486411837452889,1190.713802746882,668,12915
105,3297.2495560646057,13.53890380083512,0.044388368394769555,66.2843406812575,0.07425591728998514,1181.0403644972137,666,12879
106,3327.9670763015747,13.506749525600442,0.044016117056839124,66.34893984021006,0.07365657650996757,1171.5078493910341,678,12863
107,3358.6551671028137,13.474655771318744,0.04364198749812265,66.41286590969263,0.07306229741171157,1162.0558403332725,679,12826
108,3389.3457984924316,13.442668293814704,0.04326552669179075,66.47612176341016,0.0724731558105354,1152.6855431665656,690,12795
109,3420.1190361976624,13.410695932228132,0.042900104305694214,66.52037219384293,0.07188621389781746,1143.3502320447867,693,12762
110,3450.871949672699,13.379007939963362,0.04253654370163102,66.55165922663559,0.07130230959517311,1134.0632341112284,702,12741
111,3481.56222987175,13.347272675521825,0.04217864872880343,66.5828001926928,0.07072492659031121,1124.8799574188997,707,12713
112,3512.366634130478,13.315717439055703,0.041824510945130254,66.613791680338,0.07014719642362308,1115.691159117725,717,12683
113,3543.0321292877197,13.284578751331805,0.041477624401191286,66.6446304405593,0.06957313644885968,1106.5607352191132,726,12650
114,3574.4835357666016,13.253711410472667,0.04113264004572409,66.6753133821293,0.06899798227726957,1097.4129081199724,734,12622
115,3606.574860572815,13.22252367000632,0.04079024421879416,66.70583756685276,0.06842819734470607,1088.35047876755,740,12592
116,3637.310655593872,13.192285555323197,0.04044597129706199,66.73620020493911,0.06785916256790926,1079.299980642597,741,12562
117,3667.9496331214905,13.16197765025481,0.04012708051702395,66.7653372328359,0.06637942037021859,1055.7646809883265,750,12535
118,3698.7079367637634,13.13171030113953,0.03981686481789245,66.79340153671679,0.0650496413105995,1034.614545045085,761,12507
119,3729.2594182491302,13.101737391498414,0.0395210048036851,66.82052567825711,0.06385490006605979,1015.612185550681,772,12479
120,3759.8641877174377,13.071908340580354,0.03923194492618792,66.84682446420607,0.06277910417590825,998.5016519178206,783,12452
121,3790.4333984851837,13.042353170913476,0.03895769235852719,66.87239722539013,0.0618080064442944,983.0563424965025,791,12429
122,3821.0743932724,13.013281662740864,0.03868720663957383,66.89732982827236,0.060894222558702894,968.5226097961695,798,12396
123,3851.642320871353,12.984379223884318,0.039990769260145415,66.92169644348874,0.060065623955308255,955.3437490091778,803,12369
124,3882.280488014221,12.955700362078385,0.04954265304686038,66.94556109571205,0.05930851664412712,943.3019572248418,807,12334
125,3912.7570564746857,12.927256944323112,0.060789194378194876,66.96897901825808,0.058613248752251164,932.2437214045548,811,12318
126,3943.337324619293,12.89838586641117,0.0717900297958257,66.99199783440201,0.0579724368701164,922.0516084192013,815,12281
127,3973.956527709961,12.870039872061017,0.08258571445033525,67.01465858565385,0.05737789816730256,912.5954703509472,825,12261
128,4004.5440559387207,12.842232004814152,0.09318606055090191,67.03699662541466,0.056823546531563726,903.7785075845211,832,12239
129,4035.029104948044,12.813982858107458,0.10359945092427644,67.05904239460486,0.056304123536533135,895.5170848485595,835,12207
130,4065.8035173416138,12.78609231646764,0.11385213313480588,67.08082209409126,0.05581335473240687,887.7114070189313,839,12176
131,4096.379188537598,12.758321726549672,0.075142388354523,67.10235826708009,0.055344910095504886,880.2607950690052,848,12136
132,4127.105481624603,12.730792173541396,0.08083461477314129,67.1236703031116,0.05490483202538642,873.261353363771,853,12111
133,4158.04011464119,12.703450003032625,0.09482429341584717,67.14477487389613,0.05448503171043163,866.5844293544151,860,12084
134,4188.653775215149,12.676558274085908,0.1086404560853264,67.1656863099738,0.05408296153343887,860.1895031893451,858,12044
135,4219.295231342316,12.649241186818516,0.12228394120373698,67.18641692605465,0.053696092299839286,854.0363480289438,862,12015
136,4250.038615703583,12.622769184179706,0.12215378587244431,67.20697730189607,0.05332362363423626,848.1122339025277,866,11991
137,4280.652763605118,12.59573154414282,0.12177623886954203,67.22737652469043,0.05296311456858074,842.3783372132766,876,11957
138,4311.333708524704,12.569017509972499,0.12139314501624063,67.24762239815685,0.05258866065100937,836.422647654304,882,11934
139,4341.979987621307,12.542577155956158,0.1177676829236322,67.26772162284843,0.052226871300567364,830.6683880355239,885,11920
140,4372.499715566635,12.516010433234577,0.10086799174780929,67.28767995158786,0.05187632397802144,825.0929328704309,893,11892
141,4403.067740678787,12.489833135452965,0.12028445200558902,67.30750232342268,0.05153572714848684,819.6757402966831,902,11860
142,4433.8162314891815,12.463527060864044,0.11992642593601449,67.32719297903643,0.0512049241804267,814.4143190896866,912,11825
143,4464.398112773895,12.43775876389101,0.11956801679012286,67.34675556015655,0.05088241306306205,809.284779768002,924,11794
144,4495.018198013306,12.411537774812663,0.11921476276694572,67.36619319515594,0.0505658623387261,804.2500404974386,931,11746
145,4525.754431009293,12.38559421633621,0.11886116384543513,67.38550857274684,0.05025495683354353,799.3050884375099,941,11714
146,4556.35825586319,12.360101540246657,0.11851785119018053,67.4047040054074,0.04995076847079608,794.4669725280116,946,11679
147,4586.977248668671,12.334720471621386,0.1181650021635591,67.42378148395717,0.049651987455243386,789.7148604756461,944,11641
148,4617.722009181976,12.309074657464947,0.11782648853351048,67.44274272450428,0.04935833058236742,785.0442479125537,951,11607
149,4648.332337379456,12.283927053259008,0.11621786532579569,67.46158920881888,0.04907051363776337,780.4665194086265,957,11574
150,4679.893945455551,12.258906755696385,0.09232125938834317,67.48032221904333,0.04878641745501692,775.9479696220441,965,11548
151,4710.647005558014,12.234192509714703,0.06864251551925134,67.49894286752388,0.048504706230853005,771.467352601717,975,11522
152,4741.265177249908,12.209688894961033,0.04514984551218506,67.51745212244067,0.04822513274346866,767.020736284869,983,11495
153,4771.865990638733,12.184920478507037,0.021865167720588417,67.53585082981962,0.04794977119391904,762.6411108392824,989,11469
154,4802.4891102313995,12.160358290847979,0.019895885019853177,67.55413973242887,0.04767713016151652,758.3047552189203,994,11448
155,4833.089884757996,12.135932077249064,0.02509183395718582,67.57231948599362,0.04740758642570262,754.0176621008002,1001,11420
156,4863.527448654175,12.11195507244806,0.030232971899931283,67.59039067310255,0.047140747244474174,749.7735849233617,1001,11402
157,4894.069395542145,12.087687283267075,0.03533839843050474,67.60835381512763,0.04687554290925756,745.5555099717415,1006,11378
158,4924.6327793598175,12.063402014893729,0.04039665737377132,67.62620938243447,0.046611907104435114,741.3623824960405,1013,11351
159,4955.1932599544525,12.039143854699244,0.04541070372181548,67.64395780312219,0.04635219680975669,737.2316902591801,1021,11323
160,4985.758691310883,12.015318387988188,0.050383323966240616,67.66159947049807,0.04609395988825388,733.1244320226779,1030,11305
161,5016.388262987137,11.991652119013413,0.05531938794758432,67.67913474946444,0.0458370713140321,729.0386192496806,1046,11283
162,5046.86784863472,11.967841631576722,0.06019717762145838,67.69656398196976,0.0455835641218689,725.0065873583249,1058,11262
163,5077.354465007782,11.944137560499334,0.06503909810753135,67.71388749165584,0.045333714578536674,721.0327303716258,1069,11245
164,5107.847824573517,11.920547175141504,0.06985773389332778,67.73110558781353,0.0450853945923773,717.0832009917609,1076,11215
165,5138.339987277985,11.8971616568886,0.0746249100954434,67.74821856874462,0.0448382072968523,713.1516870564358,1084,11187
166,5168.846937417984,11.874113887855088,0.07935331518619099,67.76522672461336,0.044593065756806854,709.252710862013,1092,11154
167,5199.515783548355,11.850900447876487,0.08402961846571377,67.78213033986003,0.04435032730196444,705.3919557377444,1107,11130
168,5230.0863127708435,11.827841015590316,0.08868863586700362,67.79892969523802,0.04411031410047037,701.5745457679812,1115,11104
169,5260.645721197128,11.805035914696925,0.0875061700138244,67.81562506952837,0.043872859540059116,697.7978309846402,1123,11084
170,5291.218404054642,11.782040562594844,0.08306606381640542,67.83221674097722,0.043636549407077375,694.0393183195656,1132,11053
171,5321.681929588318,11.75931357544514,0.07868495785638793,67.8487049884959,0.0433779100023097,689.9256585867357,1144,11015
172,5352.132982969284,11.73670101280893,0.07431575788974522,67.86509009265751,0.043125411584429674,685.909671250354,1148,10996
173,5382.885120153427,11.714173175016061,0.06999391032501218,67.88137233651928,0.04287731744417669,681.9637339496302,1153,10973
174,5413.45520734787,11.6917583668984,0.06570226317806001,67.89755200629573,0.04263335043599318,678.0834386844715,1160,10949
175,5443.901574611664,11.668998287244067,0.061456345772913645,67.9136293919044,0.04239121949176309,674.232346016492,1171,10923
176,5474.350015878677,11.646529215529899,0.057235931108435376,67.92960478740252,0.04215395690580135,670.4586845867705,1183,10903
177,5504.827116966248,11.624104144127962,0.05306348021387058,67.94547849133079,0.04192076590898571,666.7497817824177,1193,10880
178,5535.331941127777,11.602204796428119,0.04892035556010352,67.96125080697762,0.041691085111596145,663.0967086999367,1202,10862
179,5565.992626905441,11.580110051097478,0.06109626117319262,67.97692204257625,0.04146461001124111,659.4946222287899,1214,10836
180,5596.5677263736725,11.558238744789849,0.08095511778980452,67.9924925114442,0.041241376176464076,655.9440880866612,1225,10811
181,5627.0181748867035,11.536370722010163,0.0876672602834758,68.00796253207412,0.041020624180389514,652.4330275890952,1234,10786
182,5657.462188959122,11.514807020443754,0.08476093333945005,68.02333242818351,0.04080259387853733,648.9652556381362,1242,10761
183,5687.855314254761,11.49337066135334,0.08190995837275103,68.03860252872951,0.040585705985788256,645.5156537039622,1250,10740
184,5718.280643224716,11.471812965410441,0.0790833984441176,68.05377316789453,0.04037042664098116,642.0916357248053,1262,10714
185,5748.864794969559,11.450141997585837,0.07627827304165093,68.06884468504717,0.04015477486778062,638.6616942720508,1276,10698
186,5779.296942234039,11.428818498845986,0.07222157872593457,68.08381742468266,0.03994402502449783,635.309718014638,1291,10681
187,5809.724890232086,11.407700910031204,0.05724368576805442,68.09869173634625,0.03973497584756542,631.984790855528,1309,10665
188,5840.1959681510925,11.386563592673742,0.04245098466631956,68.11346797454246,0.03953003077065198,628.7251394072198,1326,10642
189,5870.627267837524,11.36547734931923,0.02783084295485889,68.12814649863277,0.03932755771361595,625.5048054350617,1339,10622
190,5901.029183626175,11.344257526036346,0.013364999505791031,68.14272767272396,0.03912641976776464,622.3057064062966,1353,10594
191,5931.678512096405,11.323300854412379,0.02310815685228392,68.15721186554887,0.03892651786394304,619.1262666260141,1371,10567
192,5962.060112953186,11.302336221218694,0.0651221532934926,68.17159945034126,0.03872877592046307,615.981181014965,1379,10547
193,5992.435542345047,11.2817036908131,0.08763670994084462,68.18589080470608,0.038532317579429785,612.8565111008307,1391,10525
194,6023.016876459122,11.261247023798454,0.1016396709005775,68.20008631048627,0.038338114981269995,609.7677187770993,1403,10503
195,6053.398023605347,11.240688697949027,0.10465739642979346,68.21418635362717,0.03814463928657934,606.6904878530444,1416,10479
196,6083.896406173706,11.22030597110625,0.10443638179183921,68.22819132403926,0.03795101946605747,603.6109646076441,1425,10462
197,6114.737442970276,11.200036288577962,0.10421574175428513,68.24143898461972,0.03729703332949709,593.2093151056512,1441,10451
198,6145.462730169296,11.17962792154113,0.10400947829666495,68.25403229097859,0.03671559565143061,583.9615488360038,1452,10427
199,6175.923685312271,11.159253458664633,0.10382308682567419,68.26605953758438,0.03619490672967805,575.6799915355294,1465,10413
200,6207.569021224976,11.139358212196047,0.10363192491150655,68.27759642503682,0.035726864768942185,568.2357841500254,1474,10399
201,6237.998037338257,11.119063528928766,0.10345510397630144,68.28870784206023,0.03530806720497123,561.5748088950675,1484,10392
202,6268.459892511368,11.099073206506073,0.10327868503463537,68.29944939987955,0.03492986264746225,555.559465407887,1499,10374
203,6298.98751783371,11.079039977993045,0.10311181900863499,68.30986875214973,0.034586864467098084,550.104079349195,1509,10353
204,6329.442794084549,11.05935508401698,0.10321156624294657,68.32000672951166,0.03427489918339892,545.1422715119598,1531,10333
205,6359.863122224808,11.03966181529258,0.1054004762894389,68.32989831415566,0.03398986977823187,540.6088788227778,1547,10319
206,6390.279829740524,11.02013039753438,0.1088219778789661,68.33957347647826,0.03371390791975988,536.2197054637809,1567,10303
207,6420.607079744339,11.000530108605329,0.1121813253190496,68.34905789300066,0.03345939527211434,532.1716818029786,1576,10269
208,6450.976504564285,10.981270191741325,0.11547714351247094,68.35837356214658,0.033223401423635716,528.4181996429261,1589,10252
209,6481.5324647426605,10.962090146080605,0.11870476599070343,68.36753933222676,0.033003499933896265,524.9206664486201,1602,10229
210,6511.906871080399,10.942901831986438,0.12190304720422916,68.37657135401162,0.03279600823401096,521.6205109619443,1610,10213
211,6542.2571794986725,10.923809077057756,0.12503740920060222,68.38548346856406,0.03260229599815662,518.5395178506811,1624,10198
212,6572.647434234619,10.90458548242105,0.1281475627511343,68.3942875395206,0.03241897390253778,515.6237799198633,1634,10177
213,6602.9527106285095,10.88560757440911,0.12078686103481287,68.40299373772447,0.03224457769089811,512.8500081737345,1644,10166
214,6633.258446455002,10.866693478433463,0.12910728031059512,68.41161078500402,0.03207944081714112,510.22350619662956,1656,10156
215,6663.6107177734375,10.847813504434606,0.13723449715496747,68.42014616293137,0.031921755292177854,507.71551792208874,1671,10139
216,6693.969495773315,10.828938207225217,0.14019829208259207,68.42860629157092,0.031770597310409696,505.3113502220662,1684,10122
217,6724.999488115311,10.810078133491851,0.1431422371674144,68.43699668251556,0.0316243386747965,502.98510662263834,1706,10101
218,6755.576097488403,10.791457829688943,0.14605727954587383,68.44532206989786,0.03148202508673898,500.72160900458346,1715,10089
219,6786.042452335358,10.772921074002289,0.14125110531690332,68.45358652253708,0.031343103016182705,498.51205347238596,1733,10077
220,6816.5518453121185,10.754470728368505,0.11968147559465539,68.46179353993166,0.031207831666098043,496.36056264928936,1743,10051
221,6847.04758143425,10.736090197535944,0.09821997416854608,68.4699461344193,0.031076576384590677,494.27294739691473,1763,10027
222,6877.510639667511,10.717643292236836,0.07690047247059327,68.4780469014942,0.030947950637243243,492.2271548853538,1778,10016
223,6907.921475410461,10.69940998165787,0.05743019668055759,68.48609807998552,0.03082163593343476,490.21811952127985,1796,9995
224,6938.376539945602,10.68121215945225,0.057494003991297324,68.49410160355689,0.03069588037296687,488.21797733203806,1814,9983
225,6968.636735677719,10.662987989870851,0.06496269063943556,68.50205914477681,0.03057461117824581,486.28919078999957,1830,9966
226,6998.961384773254,10.644923258205012,0.07237195724561116,68.50997215283044,0.030455185868237897,484.38973123432373,1845,9951
227,7029.308758735657,10.626461846010615,0.0797539498909292,68.51784188578905,0.030337509440737195,482.51808765492507,1864,9938
228,7059.731040239334,10.608536589960963,0.08708384301273267,68.52566943822166,0.030220905644961993,480.6635042831205,1879,9920
229,7090.042796611786,10.590707318057431,0.09437775126591996,68.53345576482062,0.03010533148025903,478.8252971935199,1906,9900
230,7120.41010928154,10.57289012691768,0.10162467401946108,68.5412017006159,0.029991467072265285,477.01428378437936,1918,9886
231,7150.7303285598755,10.555206147932251,0.10884280454849946,68.54890797827014,0.029863260031979914,474.97515080864054,1941,9873
232,7181.085190534592,10.537865958470853,0.11601639421096363,68.55657524287555,0.02973913029962784,473.0008674155808,1951,9859
233,7212.6599271297455,10.52020471386343,0.12315477564553995,68.56420406461348,0.029618409045245365,471.08079586462753,1965,9841
234,7243.542637825012,10.502777545003347,0.13024891599675306,68.57179494958446,0.029487150842484086,468.99313414970936,1987,9825
235,7274.409983873367,10.485186688805145,0.13730352571438656,68.57934834907348,0.029361109952210685,466.9884537899109,2006,9813
236,7307.7655572891235,10.467864887651814,0.1443301293346588,68.58686466747582,0.029238850663649847,465.0439198053508,2031,9799
237,7341.239570379257,10.450497779106744,0.15130835713249327,68.59434426907715,0.02912016302036761,463.1561928389469,2051,9784
238,7373.228068828583,10.433328020469842,0.15825875007759704,68.601787483853,0.029004564151410964,461.3175928281914,2073,9762
239,7404.673473119736,10.416161321775597,0.15249152233022875,68.60919461242959,0.0288915950508424,459.52081928364834,2093,9752
240,7434.962561368942,10.399061076437574,0.14326244805800958,68.61656593032673,0.028781228030407228,457.76543182362695,2114,9739
241,7465.269889116287,10.381901647540134,0.1368000341735267,68.62390169158675,0.028673041818051224,456.0447301161047,2138,9720
242,7495.676419496536,10.364926261322324,0.13346354563445298,68.63120213187801,0.028566766154793102,454.3544156919843,2160,9702
243,7526.112143993378,10.348019770749508,0.13341241295376552,68.63846747114886,0.02846263443998614,452.69820076797953,2176,9693
244,7556.463322401047,10.331184517503631,0.13853124704859068,68.64569791589714,0.028360458913069538,451.073099012371,2208,9680
245,7586.834724903107,10.31434991426928,0.13785811707683848,68.65289366111065,0.02825971560771893,449.47077674076957,2226,9666
246,7617.069560050964,10.29761269725948,0.12663848725098623,68.66005489192605,0.028159388338985056,447.8750715315573,2240,9647
247,7647.384268760681,10.280981379554197,0.11547658618955484,68.66718178504713,0.028061451992877403,446.3173939467151,2258,9627
248,7677.744171619415,10.264371819900086,0.10437587627924992,68.674274509957,0.02796467232957659,444.7781134019157,2285,9612
249,7708.047562360764,10.247821972478118,0.09333919138916419,68.68133322995406,0.02786934509474258,443.26193373188073,2299,9601
250,7739.52211856842,10.231244802503916,0.08379812370395888,68.68835810303729,0.02777453951800314,441.75405103383997,2317,9585
251,7769.958873033524,10.214827635489707,0.07742412926389287,68.69534928266252,0.02768041913009185,440.2570662641109,2328,9570
252,7800.290089130402,10.198486739450278,0.07496608282830719,68.70230691838849,0.027587150651233006,438.773631107861,2339,9555
253,7830.6375913619995,10.182067421420063,0.07596552981691512,68.7092311564285,0.02749480305935503,437.30484265904175,2352,9536
254,7860.90851187706,10.165805819996477,0.07729303949046432,68.71612214012139,0.027402857163170927,435.8424431802336,2372,9521
255,7891.204364061356,10.149729747137147,0.07860604819865422,68.72298001033347,0.027311754360395856,434.3934531020961,2386,9503
256,7921.4257044792175,10.133506843845375,0.07991812342291083,68.72980490580149,0.027220981720747564,432.94971426849,2400,9489
257,7951.853568077087,10.117307381767269,0.08121347930985817,68.73659696342509,0.027130712083300212,431.5139756848899,2425,9465
258,7982.098631858826,10.101324489125625,0.08251057700049333,68.74335631851605,0.027041230222726625,430.09076669246696,2444,9449
259,8012.4267745018005,10.085189443098834,0.08379089102059999,68.75008310501069,0.026952408910909838,428.67806372802096,2469,9430
260,8042.690976142883,10.06918614949413,0.0850712909080826,68.75677745565066,0.026864021107096576,427.27225570837106,2483,9418
261,8072.967962265015,10.053266184557486,0.08635181440751002,68.76343950213676,0.02677624827610012,425.87622883137243,2501,9403
262,8103.151137590408,10.037282505583983,0.08760811794535273,68.7700693752597,0.026688942103017473,424.4876241484929,2516,9383
263,8133.781299114227,10.021393493582785,0.08887376070077034,68.7766672050111,0.026602382298295174,423.11089045438473,2529,9367
264,8164.0309517383575,10.005541811789701,0.09012238487703524,68.7832331206777,0.026516374903564364,421.7429428411912,2553,9356
265,8194.30403971672,9.98981528491363,0.09137142252294947,68.78976725092113,0.026430526220809634,420.3775195419772,2571,9340
266,8224.602660417557,9.974151899740162,0.0926053881044608,68.79626972384536,0.026345116667668346,419.01908059926507,2592,9324
267,8254.962028265,9.958492091327761,0.09383955860120315,68.80274066705365,0.026259904342695123,417.6637785705659,2603,9305
268,8285.842737913132,9.942895259848957,0.09507153359928797,68.8091802076966,0.0261748051041284,416.3102751811622,2626,9294
269,8316.18478178978,9.927432984491286,0.08990580744739819,68.81558847251236,0.026089807341841208,414.9583857719844,2643,9278
270,8346.384717702866,9.91176111661689,0.08802083270876566,68.82196558786045,0.026005068187526657,413.61060952261147,2648,9262
271,8376.654973268509,9.896312272565895,0.09004298554825439,68.82831167974996,0.02592065156119065,412.2679630807373,2660,9244
272,8406.890459537506,9.880976995145494,0.09205322227900847,68.83462687386294,0.02583672148017739,410.9330551422214,2673,9228
273,8437.145422458649,9.865668002947555,0.09405168011786541,68.8409112955738,0.02575288990935212,409.5997140082454,2687,9217
274,8467.362101316452,9.850326573401361,0.0960357965055498,68.8471650699652,0.025668711359002616,408.26085416493663,2695,9207
275,8497.703345298767,9.8350937968808,0.09801350644625967,68.85338832184095,0.025585756527137783,406.94145756412644,2702,9196
276,8528.012271165848,9.819943507350011,0.0999769986417973,68.85958117573657,0.025503088474318526,405.62662218403614,2717,9179
277,8558.419336557388,9.804890120095733,0.10193053339797292,68.8657437559275,0.025420677395728557,404.3158739790627,2732,9167
278,8588.714611291885,9.78985891672538,0.09911841570890631,68.87187618643568,0.02533840767887519,403.0073741325099,2751,9151
279,8619.131351947784,9.774913869495649,0.09352975022838131,68.8779785910345,0.02525675691701293,401.7087187650906,2765,9143
280,8649.36489367485,9.759938015667094,0.0879787927093998,68.88405109325248,0.025175341210297988,400.4138019497895,2784,9126
281,8679.712673425674,9.74497534089197,0.08245434853047917,68.89009381637574,0.025094409903559232,399.1265895161096,2793,9111
282,8710.010879039764,9.73014419307716,0.07696291485151875,68.89610688344979,0.02501364824153075,397.84207528154656,2804,9096
283,8740.25065112114,9.71532940289687,0.07171761463445099,68.90209041728028,0.024933148224570833,396.5617225117991,2815,9082
284,8770.595852136612,9.700578089662063,0.06898400597943173,68.90804454043318,0.024852699090539252,395.2821790350268,2825,9072
285,8800.967821359634,9.685862528428503,0.06954179970959845,68.91396937523452,0.024772427962922262,394.0054667502786,2841,9055
286,8831.296784639359,9.671189089239327,0.07219492589046847,68.91986504376943,0.024692463122867516,392.7336259692078,2851,9046
287,8861.725286483765,9.656571171328789,0.07487253836885174,68.92573166788107,0.024612801033717904,391.4666004412833,2865,9031
288,8892.041719198227,9.642010330785032,0.07754468054015023,68.93156936916901,0.02453320584939618,390.20063903464626,2881,9019
289,8922.376032352448,9.627390365157616,0.08018453144738132,68.93737826898746,0.024453888054014692,388.93908949910366,2899,8997
290,8952.730724811554,9.612942092620164,0.08281896856145367,68.94315848844334,0.024363514115825814,387.50169201220956,2912,8984
291,8983.19946718216,9.598541305708078,0.08544418872109719,68.94891014839403,0.0242750204983067,386.09420102556805,2922,8972
292,9013.500238656998,9.58418729709361,0.08804788426851183,68.95463336944513,0.02418834556402541,384.7156361958241,2937,8956
293,9043.837142944336,9.569835359785143,0.09064000941266667,68.960328271948,0.024102998435356522,383.35819011434546,2947,8942
294,9074.130696296692,9.55558806445911,0.09321730502136076,68.96599497599733,0.024018848424323495,382.0197841888652,2957,8934
295,9104.478742361069,9.54120441201207,0.0957839790297599,68.97163360142852,0.023935849470744806,380.69968583219617,2974,8915
296,9134.767476558685,9.527045018524227,0.09833051391652141,68.97724426781517,0.02385413555590159,379.4000260166148,2985,8902
297,9165.15238904953,9.512924922959629,0.10086231396386522,68.98282709446636,0.02377308761108352,378.1109584542834,2995,8884
298,9195.473281383514,9.498884800835032,0.0879572498917758,68.98838220042416,0.023692357643343882,376.82694831738445,3005,8875
299,9225.682335853577,9.484871138242314,0.08462071650825309,68.99390970446086,0.023609852919460144,375.5147106840136,3019,8863
300,9257.174694776535,9.470926286414576,0.0958751017354105,68.99940972507648,0.023530917225279755,374.2592384680745,3028,8850
301,9287.425191640854,9.457038176513485,0.10873560099050374,69.00488238049604,0.0234526400650604,373.01424023478563,3039,8837
302,9317.666979312897,9.44318433513821,0.11333341450073417,69.01032778866708,0.02337469708246786,371.7745570966513,3046,8824
303,9347.996203184128,9.429377886981998,0.11578555759011437,69.01574606725706,0.023295841872555262,370.52036498299145,3048,8813
304,9378.20092511177,9.415574890838771,0.11822511448248282,69.02113733365081,0.023219422652914257,369.30491729460124,3059,8793
305,9408.4857339859,9.40190983370081,0.12064693840172248,69.02650170494815,0.023142831057429765,368.0867279684204,3069,8771
306,9438.793089866638,9.388291190069554,0.12306127942738203,69.0318392979613,0.023066926388285582,366.8794642056822,3078,8756
307,9469.07672381401,9.374699775324425,0.12545789496481324,69.03715022921257,0.022991401746144943,365.67824477243533,3086,8741
308,9499.206298351288,9.361153952476842,0.12784569751393876,69.04243461493203,0.022916454715890336,364.4862122562358,3093,8722
309,9529.475179195404,9.34758071563838,0.13021581563689158,69.0476925710551,0.022841962875311837,363.30141953183477,3100,8705
310,9559.6302652359,9.33416127511964,0.13257898732621287,69.05292421322032,0.02276778843376362,362.12167503901037,3108,8693
311,9589.78553032875,9.320723346776086,0.1349213157605464,69.05812965676719,0.02269353395090099,360.9406574890802,3119,8679
312,9619.96550822258,9.30729155007162,0.13725759666767276,69.06330901673394,0.022619454734553228,359.7624275530691,3129,8672
313,9650.085961580276,9.293947461433424,0.13958064438111736,69.06846240785539,0.022545753287746086,358.5902060416015,3136,8659
314,9680.202342033386,9.280648383552156,0.1395944013832068,69.07358994456098,0.022472102567479474,357.41879133576106,3145,8649
315,9710.414844036102,9.267598015593967,0.13818298051786693,69.0786917409726,0.02239779423888474,356.2369173694618,3154,8639
316,9740.663667440414,9.254393669870813,0.13678132616317942,69.08376791090278,0.022324667288290207,355.0738332202557,3161,8631
317,9770.867877721786,9.24118041638814,0.13537361943233597,69.08881856785264,0.022251351374503826,353.90774361148334,3166,8618
318,9801.057554244995,9.227980095636159,0.13397987110181012,69.09384382501008,0.022179298362771407,352.7617404598792,3171,8606
319,9831.226143836975,9.214835556022795,0.13259206464109238,69.09884379524797,0.022107344212638186,351.61730970201035,3178,8590
320,9861.363139629364,9.201835941451964,0.13123109825404433,69.10381859112229,0.02203565252849146,350.4770534656567,3184,8579
321,9891.563860654831,9.18883390747044,0.12986867822722187,69.10876832487054,0.02196397627104868,349.3370425910293,3194,8566
322,9921.764132261276,9.175911694538637,0.12849973232706582,69.11369310840992,0.021892670414747493,348.2029229465589,3212,8546
323,9951.861644983292,9.163029610296741,0.12714952963545273,69.11859305333583,0.021820428620293385,347.0539172057663,3218,8527
324,9982.028332471848,9.15006080373252,0.12580659387960488,69.12346827092017,0.021749126760952323,345.91986113294666,3225,8511
325,10012.174993515015,9.137225121744576,0.12446568893265768,69.12831887210989,0.0216782929327129,344.7932490947986,3230,8496
326,10042.947927951813,9.124358881564426,0.12313151033071877,69.13314496752544,0.0216070345078763,343.65988384777256,3237,8487
327,10073.189041137695,9.111613629680306,0.12181285562968057,69.13794666745942,0.021537015634941866,342.5462336737504,3249,8474
328,10103.340015411377,9.098826526465396,0.12050524134979017,69.14272408187502,0.02146710565827655,341.43431549488855,3260,8460
329,10133.480511426926,9.086170145589167,0.1191922765409679,69.14747732040482,0.021397481473320393,340.32694283316084,3271,8441
330,10163.731278419495,9.073527317174616,0.11788632284750182,69.15220649234939,0.02132854320559588,339.2304796850025,3279,8427
331,10193.819496393204,9.060951286612347,0.11659614867660596,69.15691170667606,0.02125959709293877,338.1338917631911,3285,8416
332,10223.947623252869,9.04855589536937,0.11530109652073199,69.16159307201767,0.021190196979602293,337.0300829605745,3292,8407
333,10254.142225980759,9.036208941946862,0.11402983214223755,69.16625069667141,0.021121704860223887,335.9407158018609,3297,8393
334,10284.235288381577,9.02374951797395,0.11274919738034758,69.17088468859765,0.021053000667999783,334.84797562453656,3306,8373
335,10314.411290168762,9.011332544252335,0.11148518078640555,69.17549515541884,0.02098453703432179,333.75906153088806,3315,8362
336,10344.616524934769,8.998986965819844,0.11022849190799967,69.18008220441847,0.02091598990004806,332.66881936026437,3322,8344
337,10374.691113471985,8.986661443772133,0.11064003917824645,69.18464594254004,0.020847986407349174,331.5872238088886,3333,8335
338,10404.91273856163,8.974261697907156,0.11186965442787461,69.18918647638606,0.020769118029601488,330.33282226081167,3343,8322
339,10435.232601642609,8.961949445068468,0.11074409804523165,69.19370391221709,0.02069194824196346,329.10543678842885,3344,8315
340,10465.552852869034,8.94976848791055,0.10963239053248039,69.1981983559509,0.02061654886148065,327.9062096418497,3349,8300
341,10495.675589323044,8.937622834360761,0.10853328090912676,69.20266991316154,0.020542436970231986,326.72746001153973,3357,8290
342,10526.030106782913,8.925459171799433,0.1074232227490105,69.20711868907851,0.020469718620806418,325.5708746639261,3364,8278
343,10556.217315196991,8.913343634647893,0.10632841535872407,69.211544788586,0.020398086611898333,324.431567562243,3371,8266
344,10586.469033002853,8.901287469179032,0.10523173535692902,69.21594831622204,0.02032771456749534,323.3123001960134,3379,8248
345,10616.724380493164,8.889302671206213,0.10416531398187555,69.2203293761779,0.020257880968091106,322.20159679748906,3392,8233
346,10647.02869606018,8.877425661080288,0.10309795310381777,69.2246880722973,0.02018882337127171,321.10323572007655,3398,8216
347,10677.2624335289,8.86550586475704,0.1020339452292214,69.22902450807578,0.020120450083624435,320.0157585800466,3407,8201
348,10707.601697444916,8.853648347037046,0.1009539552963325,69.23333878666007,0.020052800635303524,318.93979410450254,3414,8190
349,10737.808110952377,8.841848000179304,0.09990482326361766,69.2376310108475,0.01998553554707881,317.8699428762885,3422,8184
350,10769.318472862244,8.830075974957627,0.0988385352941258,69.24190128308543,0.01991905960926312,316.8126430853299,3427,8175
351,10799.501868724823,8.818342732856456,0.09780011991039508,69.24614970547077,0.019852992634883916,315.7618478578287,3434,8166
352,10829.700970172882,8.80665741145927,0.09674930640681481,69.25037637974938,0.01978753897901549,314.72080746124135,3441,8151
353,10859.851102113724,8.795055769150535,0.0957307338476013,69.25458140731571,0.01972219278838638,313.68147629928535,3449,8137
354,10890.130154371262,8.783479172397445,0.09468863629572176,69.2587648892123,0.019656874973061757,312.64259644654726,3455,8121
355,10920.243765354156,8.771758608703438,0.09366770334686465,69.26292692612938,0.019592209541661326,311.6140927601234,3468,8105
356,10950.528307914734,8.760232308733539,0.09264516387820662,69.2670676184045,0.019527719292111077,310.5883753410267,3468,8098
357,10980.709896326065,8.74875185027028,0.09163266203811216,69.2711870660222,0.01946315428732068,309.56146893983544,3477,8083
358,11010.817143440247,8.73728843585756,0.09062806525894435,69.27528536861362,0.01939898358295423,308.54083388688707,3484,8071
359,11041.023674964905,8.725876836070192,0.0896318873936688,69.27936262545634,0.019334928645148845,307.5220401010924,3490,8056
360,11071.280038833618,8.714437740412576,0.08862685202838999,69.28341893547396,0.019270709912569822,306.500641159423,3500,8041
361,11101.371975421906,8.70302566971241,0.08764832724194455,69.28745439723593,0.0192069702242041,305.4868614159662,3513,8023
362,11131.490401029587,8.691671580943785,0.08664516165782842,69.29146910895739,0.01914302387861811,304.46979478942103,3521,8002
363,11161.72028875351,8.680243856793254,0.08566634863836253,69.29546316849886,0.019079004640078046,303.45156880044135,3530,7983
364,11191.93174123764,8.669032102341559,0.08471103379423932,69.29943667336622,0.019015252428893993,302.43758988155895,3541,7968
365,11222.079112768173,8.657860430110354,0.08372948325684143,69.30338972071046,0.018951024896734208,301.4160509825576,3548,7954
366,11252.399324655533,8.646715208111765,0.08277834223062905,69.30732240732762,0.01888702862766095,300.3981903229474,3562,7939
367,11282.431007146835,8.635569086570415,0.08180748899645036,69.31123482965872,0.01882351307014997,299.38797538073527,3566,7923
368,11312.581072330475,8.624528582833083,0.08085203657112144,69.31512708378965,0.018760043429592425,298.3784907476675,3575,7903
369,11342.97751879692,8.613527315815219,0.07864652109184087,69.31899926545115,0.018697100770734436,297.3773877585312,3581,7892
370,11373.125807285309,8.602540995488607,0.07611369233480872,69.32285147001883,0.01863441390515346,296.3803531614658,3591,7866
371,11403.207967996597,8.591607470423945,0.07358114136217409,69.32668379251314,0.018572108844393368,295.3893911700765,3603,7847
372,11433.425763368607,8.580706712619333,0.07108052138167381,69.33049632759935,0.018509661226395933,294.3961618058273,3607,7829
373,11463.648809194565,8.569854667918776,0.06858077220557424,69.33428916958772,0.018447442046763893,293.4065657537797,3617,7808
374,11493.928335666656,8.559044033985817,0.06195125733135127,69.3380624124335,0.018385648883250998,292.4237454881071,3630,7789
375,11524.194543361664,8.548298723972769,0.05064977555865662,69.34181614973701,0.018324177634268603,291.44604527304216,3638,7775
376,11554.471329689026,8.53755481401309,0.04106426268009629,69.34555047474377,0.01826291010023858,290.47158514429464,3644,7761
377,11584.612159013748,8.526761125038043,0.03460462609906154,69.34926548034467,0.018201473967364025,289.4944434509248,3649,7748
378,11614.871076345444,8.516221093843008,0.033099908625797675,69.3529612590761,0.01814046332255233,288.5240691451948,3658,7736
379,11645.01752448082,8.505576097326582,0.037013621003708544,69.35663790312006,0.01807926733228296,287.5507469199605,3664,7721
380,11675.26910328865,8.494998658751047,0.04241852708859236,69.3602955043045,0.01801825963713363,286.5804195286104,3670,7708
381,11705.54703783989,8.484451991654627,0.03145662801874304,69.36393415410342,0.017957062130479488,285.60707318527625,3681,7692
382,11735.705399274826,8.473951263628361,0.027434950716158202,69.3675539436371,0.017895762451596308,284.6321017926393,3690,7681
383,11765.826357126236,8.463473664925441,0.03820127260896984,69.37115496367241,0.017834886769321222,283.66387406605406,3698,7657
384,11796.034014463425,8.453051801042946,0.04201226589667476,69.37473730462307,0.01777396817872147,282.694963882565,3709,7638
385,11826.114562749863,8.442371199002018,0.03968805360050333,69.37830105654987,0.017713511422039377,281.7333991675363,3715,7622
386,11856.251924991608,8.431975513454015,0.03736242344615923,69.38184630916108,0.017653184210129465,280.77389486210916,3720,7605
387,11886.43348145485,8.421523707481093,0.03505454270705641,69.38537315181263,0.01759359178627521,279.82607736070725,3725,7586
388,11916.65356373787,8.411168529348288,0.03275682549501734,69.38888167350864,0.017534453719781806,278.8854864131296,3732,7574
389,11946.81445980072,8.400932292242258,0.03047126353938588,69.39237196290156,0.01747585138739819,277.9534163165682,3741,7559
390,11977.091341257095,8.39063814454917,0.028206757383688837,69.39584410829272,0.017417263835189024,277.02158129868144,3747,7541
391,12007.162981271744,8.380447204964796,0.02618882289394621,69.39929819763259,0.017358907987404776,276.09343153967296,3754,7523
392,12037.441263198853,8.37033108738586,0.02583618489611987,69.40273431852125,0.017300779029466213,275.1688904636601,3760,7510
393,12067.579422712326,8.360048116092353,0.025696901955688172,69.40615255820882,0.01724313503960799,274.2520628049651,3768,7490
394,12097.683968544006,8.34996599285929,0.025561426741600328,69.4095530035958,0.017176970272752074,273.19971218812174,3779,7468
395,12127.873663663864,8.339963507827859,0.025423232183587458,69.41293574123362,0.0171120511859049,272.1671741118174,3785,7452
396,12158.66508936882,8.330014094188096,0.025306922110223666,69.41630085732507,0.017048806078019948,271.16126067090727,3791,7434
397,12188.825852632523,8.320091160726905,0.025180308421866422,69.41964843772475,0.01698675314863418,270.17430882902664,3796,7410
398,12219.156760454178,8.310205016579056,0.0250597283311524,69.42297856793954,0.01692545081372037,269.1992951922225,3803,7396
399,12249.463939905167,8.300359012848821,0.024933221692885515,69.42629133312919,0.016864775785362232,268.2342588661863,3807,7380
400,12280.852839231491,8.300359012848821,0.024933221692885515,69.42629133312919,0.016864775785362232,268.2342588661863,3807,7380
